Workbook

Sheet Cronograma
A1: CRONOGRAMA DEL PROYECTO — CONTROL INTELIGENTE (Robot cuadrúpedo araña)
A2: Prof. Jorge Andres Puerto Acosta, Ph.D. | Equipo: 3 integrantes | Robot: Spider Robot ESP8266, 4 patas, 8x servo MG90S (1 GDL activo/pata: rodilla; cadera fija a 90°) | Sensores: 4x AS5600, MPU6050, VL53L0X | Tarea: orbitar un poste cilíndrico (0–360°, distancia y velocidad) | Metodología: Sprints ágiles | Actualizado: 30-sep-2026
A4: ID | B4: Sprint | C4: Entrega | D4: Fase | E4: Tarea | F4: Responsable(s) | G4: Fecha inicio | H4: Fecha fin | I4: Duración (días) | J4: Estado
A5: 1 | B5: Sprint 0 | C5: 1ª entrega | D5: Fase 0 - Planeación | E5: Elaborar cronograma detallado del proyecto | F5: Todo el equipo | G5: 46269 | H5: 46271 | I5: =H5-G5+1 -> 3 | J5: Completado
A6: 2 | B6: Sprint 0 | C6: 1ª entrega | D6: Fase 0 - Planeación | E6: Justificar selección del kit Spider Robot ESP8266 (4 patas, 8x servo MG90 9G, Spider-Shield V1.0) frente a alternativas | F6: Fabian Segura (Mecánica/Instrumentación) | G6: 46269 | H6: 46271 | I6: =H6-G6+1 -> 3 | J6: Completado
A7: 3 | B7: Sprint 0 | C7: 1ª entrega | D7: Fase 0 - Planeación | E7: Comparar sensores de posición/corriente externos y justificar plataforma de procesamiento (ESP8266 + reprogramación Arduino IDE) | F7: Brandon Bernal (Embebido/Software) | G7: 46269 | H7: 46271 | I7: =H7-G7+1 -> 3 | J7: Completado
A8: 4 | B8: Sprint 0 | C8: 1ª entrega | D8: Fase 0 - Planeación | E8: Definir criterios de selección y lista de costos (kit + sensores + soporte de pruebas) | F8: Fabian Segura (Mecánica/Instrumentación) | G8: 46270 | H8: 46271 | I8: =H8-G8+1 -> 2 | J8: Completado
A9: 5 | B9: Sprint 0 | C9: 1ª entrega | D9: Fase 0 - Planeación | E9: Diseñar y construir soporte/base fija para elevar el chasis (patas libres, sin contacto con el piso) para identificación | F9: Fabian Segura (Mecánica/Instrumentación) | G9: 46270 | H9: 46271 | I9: =H9-G9+1 -> 2 | J9: Completado
A10: 6 | B10: Sprint 0 | C10: 1ª entrega | D10: Fase 0 - Planeación | E10: Elaborar diagrama de bloques y diagrama de caja negra del sistema | F10: Fabian Segura (Mecánica/Instrumentación) | G10: 46270 | H10: 46273 | I10: =H10-G10+1 -> 4 | J10: Completado
A11: 7 | B11: Sprint 1 | C11: 1ª entrega | D11: Fase 0 - Modelamiento | E11: Obtener energía cinética y potencial de la pata (1 GDL activo: rodilla; cadera fija a 90°) por Euler-Lagrange | F11: Fabian Segura (Mecánica/Instrumentación) | G11: 46270 | H11: 46275 | I11: =H11-G11+1 -> 6 | J11: Completado
A12: 8 | B12: Sprint 1 | C12: 1ª entrega | D12: Fase 0 - Modelamiento | E12: Modelar el servo MG90S como lazo interno de posición (resorte-amortiguador virtual K_servo, B_servo) en cascada con la dinámica de la pata | F12: Juan Beltran (Modelamiento/Control) | G12: 46270 | H12: 46275 | I12: =H12-G12+1 -> 6 | J12: Completado
A13: 9 | B13: Sprint 1 | C13: 1ª entrega | D13: Fase 0 - Modelamiento | E13: Derivar cinemática directa e inversa del pie (x,z ↔ ángulo de rodilla; cadera como parámetro fijo) | F13: Juan Beltran (Modelamiento/Control) | G13: 46270 | H13: 46275 | I13: =H13-G13+1 -> 6 | J13: Completado
A14: 10 | B14: Sprint 1 | C14: 1ª entrega | D14: Fase 0 - Modelamiento | E14: Derivar ecuaciones diferenciales no lineales del sistema | F14: Todo el equipo | G14: 46270 | H14: 46275 | I14: =H14-G14+1 -> 6 | J14: Completado
A15: 11 | B15: Sprint 1 | C15: 1ª entrega | D15: Fase 0 - Modelamiento | E15: Calcular puntos de equilibrio (θe = 275°) y linealizar el modelo | F15: Fabian Segura (Mecánica/Instrumentación) | G15: 46270 | H15: 46275 | I15: =H15-G15+1 -> 6 | J15: Completado
A16: 12 | B16: Sprint 1 | C16: 1ª entrega | D16: Fase 0 - Modelamiento | E16: Obtener funciones de transferencia de interés | F16: Todo el equipo | G16: 46270 | H16: 46275 | I16: =H16-G16+1 -> 6 | J16: Completado
... A71: 67 | B71: Sprint 8 | C71: 3ª entrega | D71: Cierre 3ª entrega | E71: TERCERA ENTREGA (FINAL) — Sustentación y entrega de informe | F71: Todo el equipo | G71: 46361 | H71: 46361 | I71: =H71-G71+1 -> 1 | J71: No iniciado

Sheet Resumen
A1: RESUMEN DE AVANCE
A3: Estado | B3: N.º tareas | C3: Peso de avance
A4: No iniciado | B4: =COUNTIF(Cronograma!$J$5:$J$71,A4) -> 52 | C4: 0
A5: Iniciado | B5: =COUNTIF(Cronograma!$J$5:$J$71,A5) -> 0 | C5: 0.25
A6: En progreso | B6: =COUNTIF(Cronograma!$J$5:$J$71,A6) -> 0 | C6: 0.5
A7: Completado | B7: =COUNTIF(Cronograma!$J$5:$J$71,A7) -> 15 | C7: 1
A8: Total | B8: =SUM(B4:B7) -> 67
A10: Avance global ponderado | B10: =IFERROR(SUMPRODUCT(B4:B7,C4:C7)/B8,0) -> 0.2238806
A12: Entrega | B12: Fecha | C12: N.º tareas | D12: Completadas | E12: Avance ponderado
A13: 1ª entrega | B13: 46291 | C13: =COUNTIF(Cronograma!$C$5:$C$71,A13) -> 34 | D13: =COUNTIFS(Cronograma!$C$5:$C$71,A13,Cronograma!$J$5:$J$71,"Completado") -> 15 | E13: =IFERROR((COUNTIFS(Cronograma!$C$5:$C$71,$A13,Cronograma!$J$5:$J$71,$A$4)*$C$4+COUNTIFS(Cronograma!$C$5:$C$71,$A13,Cronograma!$J$5:$J$71,$A$5)*$C$5+COUNTIFS(Cronograma!$C$5:$C$71,$A13,Cronograma!$J$5:$J$71,$A$6)*$C$6+COUNTIFS(Cronograma!$C$5:$C$71,$A13,Cronograma!$J$5:$J$71,$A$7)*$C$7)/C13,0) -> 0.44117647
A14: 2ª entrega | B14: 46347 | C14: =COUNTIF(Cronograma!$C$5:$C$71,A14) -> 24 | D14: =COUNTIFS(Cronograma!$C$5:$C$71,A14,Cronograma!$J$5:$J$71,"Completado") -> 0 | E14: =IFERROR((COUNTIFS(Cronograma!$C$5:$C$71,$A14,Cronograma!$J$5:$J$71,$A$4)*$C$4+COUNTIFS(Cronograma!$C$5:$C$71,$A14,Cronograma!$J$5:$J$71,$A$5)*$C$5+COUNTIFS(Cronograma!$C$5:$C$71,$A14,Cronograma!$J$5:$J$71,$A$6)*$C$6+COUNTIFS(Cronograma!$C$5:$C$71,$A14,Cronograma!$J$5:$J$71,$A$7)*$C$7)/C14,0) -> 0
A15: 3ª entrega | B15: 46361 | C15: =COUNTIF(Cronograma!$C$5:$C$71,A15) -> 9 | D15: =COUNTIFS(Cronograma!$C$5:$C$71,A15,Cronograma!$J$5:$J$71,"Completado") -> 0 | E15: =IFERROR((COUNTIFS(Cronograma!$C$5:$C$71,$A15,Cronograma!$J$5:$J$71,$A$4)*$C$4+COUNTIFS(Cronograma!$C$5:$C$71,$A15,Cronograma!$J$5:$J$71,$A$5)*$C$5+COUNTIFS(Cronograma!$C$5:$C$71,$A15,Cronograma!$J$5:$J$71,$A$6)*$C$6+COUNTIFS(Cronograma!$C$5:$C$71,$A15,Cronograma!$J$5:$J$71,$A$7)*$C$7)/C15,0) -> 0
A17: Pesos de avance (azul) editables: No iniciado 0%, Iniciado 25%, En progreso 50%, Completado 100%.

Sheet Instrucciones
A1: INSTRUCCIONES
A3: 1. En la hoja 'Cronograma', actualiza la columna 'Estado' con la lista desplegable (No iniciado, Iniciado, En progreso, Completado). La celda cambia de color automáticamente.
A4: 2. La hoja 'Resumen' calcula el avance global y por entrega a partir de los estados.
A5: 3. La duración se calcula sola a partir de las fechas; ajusta inicio/fin según el avance real, respetando las entregas formales (26-sep, 21-nov y 5-dic de 2026).
A6: 4. Filas en azul: hitos de entrega formal. Filas en verde: tareas agregadas el 30-sep-2026 para la tarea de orbitar el poste (navegación, MPU6050, VL53L0X, generador de marcha, validación).
A7: 5. Mecanismo: la cadera se fija a 90° al iniciar; el único GDL activo por pata es la rodilla. La posición de cada rodilla se mide con un AS5600 (4 en total, vía multiplexor I²C).
A8: 6. Validación de trayectoria sin cámara: marcas en el piso cada 30°/45° alrededor del poste y cronometraje de vueltas.
